{"cameraMode":{"drawMode":0,"name":"Shaded","section":"Shading Mode"},"sceneLighting":false,"audioPlay":false,"sceneViewState":{"showFog":true,"showMaterialUpdate":false,"showSkybox":false,"showFlares":true,"showImageEffects":true,"showParticleSystems":true},"in2DMode":false,"pivot":{"x":0.0003466606140136719,"y":-0.0627470314502716,"z":-0.04875528812408447},"rotation":{"x":0.05829566344618797,"y":-0.07629473507404328,"z":0.004468305502086878,"w":0.9953702092170715},"size":1.2168017625808716,"orthographic":true}