{"cameraMode":{"drawMode":0,"name":"Shaded","section":"Shading Mode"},"sceneLighting":false,"audioPlay":false,"sceneViewState":{"showFog":true,"showMaterialUpdate":false,"showSkybox":false,"showFlares":true,"showImageEffects":true,"showParticleSystems":true},"in2DMode":false,"pivot":{"x":0.0,"y":-1.059999942779541,"z":-1.7200000286102296},"rotation":{"x":0.0928662046790123,"y":-0.0038794369902461769,"z":0.00036578928120434284,"w":0.9956786632537842},"size":5.65204381942749,"orthographic":true}