{"cameraMode":{"drawMode":0,"name":"Shaded","section":"Shading Mode"},"sceneLighting":false,"audioPlay":false,"sceneViewState":{"showFog":true,"showMaterialUpdate":false,"showSkybox":false,"showFlares":true,"showImageEffects":true,"showParticleSystems":true},"in2DMode":false,"pivot":{"x":0.1634521484375,"y":-0.09539794921875,"z":1.7967529296875},"rotation":{"x":0.004287733230739832,"y":-0.9938952922821045,"z":0.04176813364028931,"w":0.10202804952859879},"size":1.2168017625808716,"orthographic":true}